{"6": {"center": [398.41827392578125, 436.78546142578125], "orientation_deg": 228.1382293701172, "orientation_rad": 3.9817633628845215}, "0": {"center": [245.796142578125, 199.31028747558594], "orientation_deg": -43.84114456176758, "orientation_rad": -0.7651723623275757}, "3": {"center": [370.7442626953125, 140.05465698242188], "orientation_deg": 135.69374084472656, "orientation_rad": 2.368302583694458}}