{"3": {"center": [528.5615844726562, 273.81072998046875], "orientation_deg": 50.56749725341797, "orientation_rad": 0.8825693726539612}, "6": {"center": [214.82154846191406, 119.9398193359375], "orientation_deg": 255.32644653320312, "orientation_rad": 4.456287384033203}, "0": {"center": [484.3390808105469, 240.9618377685547], "orientation_deg": 206.56504821777344, "orientation_rad": 3.6052403450012207}}